,name,price
0,"Infinix SMART 7 (Night Black, 64 GB)",7299
1,"Infinix SMART 7 (Azure Blue, 64 GB)",7299
2,"SAMSUNG Galaxy F13 (Waterfall Blue, 128 GB)",10699
3,"Infinix Smart 7 HD (Green Apple, 64 GB)",6199
4,"Infinix HOT 30i (Diamond White, 64 GB)",7999
5,"Infinix HOT 30i (Mirror Black, 64 GB)",7999
6,"Infinix HOT 30i (Glacier Blue, 128 GB)",8999
7,"Infinix HOT 30i (Glacier Blue, 64 GB)",7999
8,"Infinix HOT 30i (Marigold, 128 GB)",8999
9,"Infinix HOT 30i (Diamond White, 128 GB)",8999
10,"Infinix HOT 30i (Mirror Black, 128 GB)",8999
11,"Infinix SMART 7 (Emerald Green, 64 GB)",7299
12,"Infinix HOT 30i (Marigold, 64 GB)",7999
13,"SAMSUNG Galaxy F04 (Opal Green, 64 GB)",7299
14,"POCO C50 (Royal Blue, 32 GB)",5649
15,"POCO C51 (Royal Blue, 64 GB)",6999
16,"MOTOROLA G32 (Mineral Gray, 128 GB)",11999
17,"POCO C51 (Power Black, 64 GB)",6999
18,"POCO C50 (Country Green, 32 GB)",5649
19,"REDMI 10 (Shadow Black, 64 GB)",9499
20,"POCO C55 (Cool Blue, 64 GB)",7749
21,"REDMI A1+ (Light Blue, 32 GB)",6599
22,"REDMI A1+ (Light Green, 32 GB)",6599
23,"POCO C55 (Power Black, 64 GB)",7749
24,"Infinix SMART 7 (Night Black, 64 GB)",7299
25,"Infinix SMART 7 (Azure Blue, 64 GB)",7299
26,"SAMSUNG Galaxy F13 (Waterfall Blue, 128 GB)",10699
27,"Infinix Smart 7 HD (Green Apple, 64 GB)",6199
28,"Infinix HOT 30i (Mirror Black, 64 GB)",7999
29,"Infinix HOT 30i (Marigold, 128 GB)",8999
30,"Infinix HOT 30i (Diamond White, 64 GB)",7999
31,"Infinix HOT 30i (Glacier Blue, 128 GB)",8999
32,"Infinix HOT 30i (Mirror Black, 128 GB)",8999
33,"Infinix HOT 30i (Glacier Blue, 64 GB)",7999
34,"Infinix HOT 30i (Diamond White, 128 GB)",8999
35,"Infinix SMART 7 (Emerald Green, 64 GB)",7299
36,"Infinix HOT 30i (Marigold, 64 GB)",7999
37,"SAMSUNG Galaxy F04 (Opal Green, 64 GB)",7299
38,"POCO C50 (Royal Blue, 32 GB)",5649
39,"POCO C51 (Royal Blue, 64 GB)",6999
40,"MOTOROLA G32 (Mineral Gray, 128 GB)",11999
41,"POCO C51 (Power Black, 64 GB)",6999
42,"POCO C50 (Country Green, 32 GB)",5649
43,"REDMI 10 (Shadow Black, 64 GB)",9499
44,"POCO C55 (Cool Blue, 64 GB)",7749
45,"REDMI A1+ (Light Blue, 32 GB)",6599
46,"REDMI A1+ (Light Green, 32 GB)",6599
47,"POCO C55 (Power Black, 64 GB)",7749
48,"Infinix SMART 7 (Night Black, 64 GB)",7299
49,"Infinix SMART 7 (Azure Blue, 64 GB)",7299
50,"SAMSUNG Galaxy F13 (Waterfall Blue, 128 GB)",10699
51,"Infinix Smart 7 HD (Green Apple, 64 GB)",6199
52,"Infinix HOT 30i (Diamond White, 64 GB)",7999
53,"Infinix HOT 30i (Mirror Black, 64 GB)",7999
54,"Infinix HOT 30i (Glacier Blue, 128 GB)",8999
55,"Infinix HOT 30i (Glacier Blue, 64 GB)",7999
56,"Infinix HOT 30i (Marigold, 128 GB)",8999
57,"Infinix HOT 30i (Diamond White, 128 GB)",8999
58,"Infinix HOT 30i (Mirror Black, 128 GB)",8999
59,"Infinix SMART 7 (Emerald Green, 64 GB)",7299
60,"Infinix HOT 30i (Marigold, 64 GB)",7999
61,"SAMSUNG Galaxy F04 (Opal Green, 64 GB)",7299
62,"POCO C50 (Royal Blue, 32 GB)",5649
63,"POCO C51 (Royal Blue, 64 GB)",6999
64,"MOTOROLA G32 (Mineral Gray, 128 GB)",11999
65,"POCO C51 (Power Black, 64 GB)",6999
66,"POCO C50 (Country Green, 32 GB)",5649
67,"REDMI 10 (Shadow Black, 64 GB)",9499
68,"POCO C55 (Cool Blue, 64 GB)",7749
69,"REDMI A1+ (Light Blue, 32 GB)",6599
70,"REDMI A1+ (Light Green, 32 GB)",6599
71,"POCO C55 (Power Black, 64 GB)",7749
72,"Infinix SMART 7 (Night Black, 64 GB)",7299
73,"Infinix SMART 7 (Azure Blue, 64 GB)",7299
74,"SAMSUNG Galaxy F13 (Waterfall Blue, 128 GB)",10699
75,"Infinix Smart 7 HD (Green Apple, 64 GB)",6199
76,"Infinix HOT 30i (Mirror Black, 64 GB)",7999
77,"Infinix HOT 30i (Marigold, 128 GB)",8999
78,"Infinix HOT 30i (Diamond White, 64 GB)",7999
79,"Infinix HOT 30i (Glacier Blue, 128 GB)",8999
80,"Infinix HOT 30i (Mirror Black, 128 GB)",8999
81,"Infinix HOT 30i (Glacier Blue, 64 GB)",7999
82,"Infinix HOT 30i (Diamond White, 128 GB)",8999
83,"Infinix SMART 7 (Emerald Green, 64 GB)",7299
84,"Infinix HOT 30i (Marigold, 64 GB)",7999
85,"SAMSUNG Galaxy F04 (Opal Green, 64 GB)",7299
86,"POCO C50 (Royal Blue, 32 GB)",5649
87,"POCO C51 (Royal Blue, 64 GB)",6999
88,"MOTOROLA G32 (Mineral Gray, 128 GB)",11999
89,"POCO C51 (Power Black, 64 GB)",6999
90,"POCO C50 (Country Green, 32 GB)",5649
91,"REDMI 10 (Shadow Black, 64 GB)",9499
92,"POCO C55 (Cool Blue, 64 GB)",7749
93,"REDMI A1+ (Light Blue, 32 GB)",6599
94,"REDMI A1+ (Light Green, 32 GB)",6599
95,"POCO C55 (Power Black, 64 GB)",7749
96,"Infinix SMART 7 (Azure Blue, 64 GB)",7299
97,"Infinix SMART 7 (Night Black, 64 GB)",7299
98,"SAMSUNG Galaxy F13 (Waterfall Blue, 128 GB)",10699
99,"Infinix Smart 7 HD (Green Apple, 64 GB)",6199
100,"Infinix HOT 30i (Glacier Blue, 128 GB)",8999
101,"Infinix HOT 30i (Diamond White, 128 GB)",8999
102,"Infinix HOT 30i (Mirror Black, 128 GB)",8999
103,"Infinix HOT 30i (Marigold, 128 GB)",8999
104,"Infinix HOT 30i (Glacier Blue, 64 GB)",7999
105,"Infinix HOT 30i (Diamond White, 64 GB)",7999
106,"Infinix HOT 30i (Mirror Black, 64 GB)",7999
107,"Infinix SMART 7 (Emerald Green, 64 GB)",7299
108,"Infinix HOT 30i (Marigold, 64 GB)",7999
109,"SAMSUNG Galaxy F04 (Opal Green, 64 GB)",7299
110,"POCO C50 (Royal Blue, 32 GB)",5649
111,"MOTOROLA G32 (Mineral Gray, 128 GB)",11999
112,"POCO C51 (Royal Blue, 64 GB)",6999
113,"POCO C51 (Power Black, 64 GB)",6999
114,"POCO C50 (Country Green, 32 GB)",5649
115,"POCO C55 (Cool Blue, 64 GB)",7749
116,"REDMI 10 (Shadow Black, 64 GB)",9499
117,"REDMI A1+ (Light Green, 32 GB)",6599
118,"REDMI A1+ (Light Blue, 32 GB)",6599
119,"POCO C55 (Power Black, 64 GB)",7749
120,"Infinix SMART 7 (Azure Blue, 64 GB)",7299
121,"Infinix SMART 7 (Night Black, 64 GB)",7299
122,"SAMSUNG Galaxy F13 (Waterfall Blue, 128 GB)",10699
123,"Infinix Smart 7 HD (Green Apple, 64 GB)",6199
124,"Infinix HOT 30i (Glacier Blue, 128 GB)",8999
125,"Infinix HOT 30i (Diamond White, 128 GB)",8999
126,"Infinix HOT 30i (Mirror Black, 128 GB)",8999
127,"Infinix HOT 30i (Marigold, 128 GB)",8999
128,"Infinix HOT 30i (Glacier Blue, 64 GB)",7999
129,"Infinix HOT 30i (Diamond White, 64 GB)",7999
130,"Infinix HOT 30i (Mirror Black, 64 GB)",7999
131,"Infinix SMART 7 (Emerald Green, 64 GB)",7299
132,"Infinix HOT 30i (Marigold, 64 GB)",7999
133,"SAMSUNG Galaxy F04 (Opal Green, 64 GB)",7299
134,"POCO C50 (Royal Blue, 32 GB)",5649
135,"MOTOROLA G32 (Mineral Gray, 128 GB)",11999
136,"POCO C51 (Royal Blue, 64 GB)",6999
137,"POCO C51 (Power Black, 64 GB)",6999
138,"POCO C50 (Country Green, 32 GB)",5649
139,"POCO C55 (Cool Blue, 64 GB)",7749
140,"REDMI 10 (Shadow Black, 64 GB)",9499
141,"REDMI A1+ (Light Green, 32 GB)",6599
142,"REDMI A1+ (Light Blue, 32 GB)",6599
143,"POCO C55 (Power Black, 64 GB)",7749
144,"Infinix SMART 7 (Azure Blue, 64 GB)",7299
145,"Infinix SMART 7 (Night Black, 64 GB)",7299
146,"SAMSUNG Galaxy F13 (Waterfall Blue, 128 GB)",10699
147,"Infinix Smart 7 HD (Green Apple, 64 GB)",6199
148,"Infinix HOT 30i (Glacier Blue, 128 GB)",8999
149,"Infinix HOT 30i (Diamond White, 128 GB)",8999
150,"Infinix HOT 30i (Mirror Black, 128 GB)",8999
151,"Infinix HOT 30i (Marigold, 128 GB)",8999
152,"Infinix HOT 30i (Glacier Blue, 64 GB)",7999
153,"Infinix HOT 30i (Diamond White, 64 GB)",7999
154,"Infinix HOT 30i (Mirror Black, 64 GB)",7999
155,"Infinix SMART 7 (Emerald Green, 64 GB)",7299
156,"Infinix HOT 30i (Marigold, 64 GB)",7999
157,"SAMSUNG Galaxy F04 (Opal Green, 64 GB)",7299
158,"POCO C50 (Royal Blue, 32 GB)",5649
159,"MOTOROLA G32 (Mineral Gray, 128 GB)",11999
160,"POCO C51 (Royal Blue, 64 GB)",6999
161,"POCO C51 (Power Black, 64 GB)",6999
162,"POCO C50 (Country Green, 32 GB)",5649
163,"POCO C55 (Cool Blue, 64 GB)",7749
164,"REDMI 10 (Shadow Black, 64 GB)",9499
165,"REDMI A1+ (Light Green, 32 GB)",6599
166,"REDMI A1+ (Light Blue, 32 GB)",6599
167,"POCO C55 (Power Black, 64 GB)",7749
168,"Infinix SMART 7 (Night Black, 64 GB)",7299
169,"Infinix SMART 7 (Azure Blue, 64 GB)",7299
170,"SAMSUNG Galaxy F13 (Waterfall Blue, 128 GB)",10699
171,"Infinix Smart 7 HD (Green Apple, 64 GB)",6199
172,"Infinix HOT 30i (Diamond White, 64 GB)",7999
173,"Infinix HOT 30i (Mirror Black, 64 GB)",7999
174,"Infinix HOT 30i (Glacier Blue, 128 GB)",8999
175,"Infinix HOT 30i (Glacier Blue, 64 GB)",7999
176,"Infinix HOT 30i (Marigold, 128 GB)",8999
177,"Infinix HOT 30i (Diamond White, 128 GB)",8999
178,"Infinix HOT 30i (Mirror Black, 128 GB)",8999
179,"Infinix SMART 7 (Emerald Green, 64 GB)",7299
180,"Infinix HOT 30i (Marigold, 64 GB)",7999
181,"SAMSUNG Galaxy F04 (Opal Green, 64 GB)",7299
182,"POCO C50 (Royal Blue, 32 GB)",5649
183,"POCO C51 (Royal Blue, 64 GB)",6999
184,"MOTOROLA G32 (Mineral Gray, 128 GB)",11999
185,"POCO C51 (Power Black, 64 GB)",6999
186,"POCO C50 (Country Green, 32 GB)",5649
187,"REDMI 10 (Shadow Black, 64 GB)",9499
188,"POCO C55 (Cool Blue, 64 GB)",7749
189,"REDMI A1+ (Light Blue, 32 GB)",6599
190,"REDMI A1+ (Light Green, 32 GB)",6599
191,"POCO C55 (Power Black, 64 GB)",7749
192,"Infinix SMART 7 (Night Black, 64 GB)",7299
193,"Infinix SMART 7 (Azure Blue, 64 GB)",7299
194,"SAMSUNG Galaxy F13 (Waterfall Blue, 128 GB)",10699
195,"Infinix HOT 30i (Glacier Blue, 64 GB)",7999
196,"Infinix HOT 30i (Marigold, 128 GB)",8999
197,"Infinix HOT 30i (Glacier Blue, 128 GB)",8999
198,"Infinix HOT 30i (Mirror Black, 128 GB)",8999
199,"Infinix HOT 30i (Diamond White, 128 GB)",8999
200,"Infinix HOT 30i (Diamond White, 64 GB)",7999
201,"Infinix HOT 30i (Mirror Black, 64 GB)",7999
202,"Infinix Smart 7 HD (Green Apple, 64 GB)",6199
203,"Infinix SMART 7 (Emerald Green, 64 GB)",7299
204,"Infinix HOT 30i (Marigold, 64 GB)",7999
205,"SAMSUNG Galaxy F04 (Opal Green, 64 GB)",7299
206,"POCO C50 (Royal Blue, 32 GB)",5649
207,"POCO C51 (Royal Blue, 64 GB)",6999
208,"MOTOROLA G32 (Mineral Gray, 128 GB)",11999
209,"POCO C51 (Power Black, 64 GB)",6999
210,"POCO C50 (Country Green, 32 GB)",5649
211,"REDMI 10 (Shadow Black, 64 GB)",9499
212,"POCO C55 (Cool Blue, 64 GB)",7749
213,"REDMI A1+ (Light Blue, 32 GB)",6599
214,"REDMI A1+ (Light Green, 32 GB)",6599
215,"POCO C55 (Power Black, 64 GB)",7749
216,"Infinix SMART 7 (Night Black, 64 GB)",7299
217,"Infinix SMART 7 (Azure Blue, 64 GB)",7299
218,"SAMSUNG Galaxy F13 (Waterfall Blue, 128 GB)",10699
219,"Infinix HOT 30i (Glacier Blue, 64 GB)",7999
220,"Infinix HOT 30i (Marigold, 128 GB)",8999
221,"Infinix HOT 30i (Glacier Blue, 128 GB)",8999
222,"Infinix HOT 30i (Mirror Black, 128 GB)",8999
223,"Infinix HOT 30i (Diamond White, 128 GB)",8999
224,"Infinix HOT 30i (Diamond White, 64 GB)",7999
225,"Infinix HOT 30i (Mirror Black, 64 GB)",7999
226,"Infinix Smart 7 HD (Green Apple, 64 GB)",6199
227,"Infinix SMART 7 (Emerald Green, 64 GB)",7299
228,"Infinix HOT 30i (Marigold, 64 GB)",7999
229,"SAMSUNG Galaxy F04 (Opal Green, 64 GB)",7299
230,"POCO C50 (Royal Blue, 32 GB)",5649
231,"POCO C51 (Royal Blue, 64 GB)",6999
232,"MOTOROLA G32 (Mineral Gray, 128 GB)",11999
233,"POCO C51 (Power Black, 64 GB)",6999
234,"POCO C50 (Country Green, 32 GB)",5649
235,"REDMI 10 (Shadow Black, 64 GB)",9499
236,"POCO C55 (Cool Blue, 64 GB)",7749
237,"REDMI A1+ (Light Blue, 32 GB)",6599
238,"REDMI A1+ (Light Green, 32 GB)",6599
239,"POCO C55 (Power Black, 64 GB)",7749
240,"Infinix SMART 7 (Night Black, 64 GB)",7299
241,"Infinix SMART 7 (Azure Blue, 64 GB)",7299
242,"SAMSUNG Galaxy F13 (Waterfall Blue, 128 GB)",10699
243,"Infinix Smart 7 HD (Green Apple, 64 GB)",6199
244,"Infinix HOT 30i (Glacier Blue, 64 GB)",7999
245,"Infinix HOT 30i (Marigold, 128 GB)",8999
246,"Infinix HOT 30i (Glacier Blue, 128 GB)",8999
247,"Infinix HOT 30i (Mirror Black, 128 GB)",8999
248,"Infinix HOT 30i (Diamond White, 128 GB)",8999
249,"Infinix HOT 30i (Diamond White, 64 GB)",7999
250,"Infinix HOT 30i (Mirror Black, 64 GB)",7999
251,"Infinix SMART 7 (Emerald Green, 64 GB)",7299
252,"Infinix HOT 30i (Marigold, 64 GB)",7999
253,"SAMSUNG Galaxy F04 (Opal Green, 64 GB)",7299
254,"POCO C50 (Royal Blue, 32 GB)",5649
255,"POCO C51 (Royal Blue, 64 GB)",6999
256,"MOTOROLA G32 (Mineral Gray, 128 GB)",11999
257,"POCO C51 (Power Black, 64 GB)",6999
258,"POCO C50 (Country Green, 32 GB)",5649
259,"POCO C55 (Cool Blue, 64 GB)",7749
260,"REDMI 10 (Shadow Black, 64 GB)",9499
261,"REDMI A1+ (Light Blue, 32 GB)",6599
262,"REDMI A1+ (Light Green, 32 GB)",6599
263,"POCO C55 (Power Black, 64 GB)",7749
264,"Infinix SMART 7 (Night Black, 64 GB)",7299
265,"Infinix SMART 7 (Azure Blue, 64 GB)",7299
266,"SAMSUNG Galaxy F13 (Waterfall Blue, 128 GB)",10699
267,"Infinix HOT 30i (Glacier Blue, 64 GB)",7999
268,"Infinix HOT 30i (Marigold, 128 GB)",8999
269,"Infinix HOT 30i (Glacier Blue, 128 GB)",8999
270,"Infinix HOT 30i (Mirror Black, 128 GB)",8999
271,"Infinix HOT 30i (Diamond White, 128 GB)",8999
272,"Infinix HOT 30i (Diamond White, 64 GB)",7999
273,"Infinix HOT 30i (Mirror Black, 64 GB)",7999
274,"Infinix Smart 7 HD (Green Apple, 64 GB)",6199
275,"Infinix SMART 7 (Emerald Green, 64 GB)",7299
276,"Infinix HOT 30i (Marigold, 64 GB)",7999
277,"SAMSUNG Galaxy F04 (Opal Green, 64 GB)",7299
278,"POCO C50 (Royal Blue, 32 GB)",5649
279,"POCO C51 (Royal Blue, 64 GB)",6999
280,"MOTOROLA G32 (Mineral Gray, 128 GB)",11999
281,"POCO C51 (Power Black, 64 GB)",6999
282,"POCO C50 (Country Green, 32 GB)",5649
283,"REDMI 10 (Shadow Black, 64 GB)",9499
284,"POCO C55 (Cool Blue, 64 GB)",7749
285,"REDMI A1+ (Light Blue, 32 GB)",6599
286,"REDMI A1+ (Light Green, 32 GB)",6599
287,"POCO C55 (Power Black, 64 GB)",7749
288,"Infinix SMART 7 (Azure Blue, 64 GB)",7299
289,"Infinix SMART 7 (Night Black, 64 GB)",7299
290,"SAMSUNG Galaxy F13 (Waterfall Blue, 128 GB)",10699
291,"Infinix Smart 7 HD (Green Apple, 64 GB)",6199
292,"Infinix HOT 30i (Glacier Blue, 128 GB)",8999
293,"Infinix HOT 30i (Diamond White, 128 GB)",8999
294,"Infinix HOT 30i (Mirror Black, 128 GB)",8999
295,"Infinix HOT 30i (Marigold, 128 GB)",8999
296,"Infinix HOT 30i (Glacier Blue, 64 GB)",7999
297,"Infinix HOT 30i (Diamond White, 64 GB)",7999
298,"Infinix HOT 30i (Mirror Black, 64 GB)",7999
299,"Infinix SMART 7 (Emerald Green, 64 GB)",7299
300,"Infinix HOT 30i (Marigold, 64 GB)",7999
301,"SAMSUNG Galaxy F04 (Opal Green, 64 GB)",7299
302,"POCO C50 (Royal Blue, 32 GB)",5649
303,"MOTOROLA G32 (Mineral Gray, 128 GB)",11999
304,"POCO C51 (Royal Blue, 64 GB)",6999
305,"POCO C51 (Power Black, 64 GB)",6999
306,"POCO C50 (Country Green, 32 GB)",5649
307,"POCO C55 (Cool Blue, 64 GB)",7749
308,"REDMI 10 (Shadow Black, 64 GB)",9499
309,"REDMI A1+ (Light Green, 32 GB)",6599
310,"REDMI A1+ (Light Blue, 32 GB)",6599
311,"POCO C55 (Power Black, 64 GB)",7749
312,"Infinix SMART 7 (Azure Blue, 64 GB)",7299
313,"Infinix SMART 7 (Night Black, 64 GB)",7299
314,"SAMSUNG Galaxy F13 (Waterfall Blue, 128 GB)",10699
315,"Infinix Smart 7 HD (Green Apple, 64 GB)",6199
316,"Infinix HOT 30i (Glacier Blue, 128 GB)",8999
317,"Infinix HOT 30i (Diamond White, 128 GB)",8999
318,"Infinix HOT 30i (Mirror Black, 128 GB)",8999
319,"Infinix HOT 30i (Marigold, 128 GB)",8999
320,"Infinix HOT 30i (Glacier Blue, 64 GB)",7999
321,"Infinix HOT 30i (Diamond White, 64 GB)",7999
322,"Infinix HOT 30i (Mirror Black, 64 GB)",7999
323,"Infinix SMART 7 (Emerald Green, 64 GB)",7299
324,"Infinix HOT 30i (Marigold, 64 GB)",7999
325,"SAMSUNG Galaxy F04 (Opal Green, 64 GB)",7299
326,"POCO C50 (Royal Blue, 32 GB)",5649
327,"MOTOROLA G32 (Mineral Gray, 128 GB)",11999
328,"POCO C51 (Royal Blue, 64 GB)",6999
329,"POCO C51 (Power Black, 64 GB)",6999
330,"POCO C50 (Country Green, 32 GB)",5649
331,"POCO C55 (Cool Blue, 64 GB)",7749
332,"REDMI 10 (Shadow Black, 64 GB)",9499
333,"REDMI A1+ (Light Green, 32 GB)",6599
334,"REDMI A1+ (Light Blue, 32 GB)",6599
335,"POCO C55 (Power Black, 64 GB)",7749
336,"Infinix SMART 7 (Night Black, 64 GB)",7299
337,"Infinix SMART 7 (Azure Blue, 64 GB)",7299
338,"SAMSUNG Galaxy F13 (Waterfall Blue, 128 GB)",10699
339,"Infinix Smart 7 HD (Green Apple, 64 GB)",6199
340,"Infinix HOT 30i (Glacier Blue, 64 GB)",7999
341,"Infinix HOT 30i (Marigold, 128 GB)",8999
342,"Infinix HOT 30i (Glacier Blue, 128 GB)",8999
343,"Infinix HOT 30i (Mirror Black, 128 GB)",8999
344,"Infinix HOT 30i (Diamond White, 128 GB)",8999
345,"Infinix HOT 30i (Diamond White, 64 GB)",7999
346,"Infinix HOT 30i (Mirror Black, 64 GB)",7999
347,"Infinix SMART 7 (Emerald Green, 64 GB)",7299
348,"Infinix HOT 30i (Marigold, 64 GB)",7999
349,"SAMSUNG Galaxy F04 (Opal Green, 64 GB)",7299
350,"POCO C50 (Royal Blue, 32 GB)",5649
351,"POCO C51 (Royal Blue, 64 GB)",6999
352,"MOTOROLA G32 (Mineral Gray, 128 GB)",11999
353,"POCO C51 (Power Black, 64 GB)",6999
354,"POCO C50 (Country Green, 32 GB)",5649
355,"POCO C55 (Cool Blue, 64 GB)",7749
356,"REDMI 10 (Shadow Black, 64 GB)",9499
357,"REDMI A1+ (Light Blue, 32 GB)",6599
358,"REDMI A1+ (Light Green, 32 GB)",6599
359,"POCO C55 (Power Black, 64 GB)",7749
360,"Infinix SMART 7 (Azure Blue, 64 GB)",7299
361,"Infinix SMART 7 (Night Black, 64 GB)",7299
362,"SAMSUNG Galaxy F13 (Waterfall Blue, 128 GB)",10699
363,"Infinix Smart 7 HD (Green Apple, 64 GB)",6199
364,"Infinix HOT 30i (Glacier Blue, 128 GB)",8999
365,"Infinix HOT 30i (Diamond White, 128 GB)",8999
366,"Infinix HOT 30i (Mirror Black, 128 GB)",8999
367,"Infinix HOT 30i (Marigold, 128 GB)",8999
368,"Infinix HOT 30i (Glacier Blue, 64 GB)",7999
369,"Infinix HOT 30i (Diamond White, 64 GB)",7999
370,"Infinix HOT 30i (Mirror Black, 64 GB)",7999
371,"Infinix SMART 7 (Emerald Green, 64 GB)",7299
372,"Infinix HOT 30i (Marigold, 64 GB)",7999
373,"SAMSUNG Galaxy F04 (Opal Green, 64 GB)",7299
374,"POCO C50 (Royal Blue, 32 GB)",5649
375,"MOTOROLA G32 (Mineral Gray, 128 GB)",11999
376,"POCO C51 (Royal Blue, 64 GB)",6999
377,"POCO C51 (Power Black, 64 GB)",6999
378,"POCO C50 (Country Green, 32 GB)",5649
379,"POCO C55 (Cool Blue, 64 GB)",7749
380,"REDMI 10 (Shadow Black, 64 GB)",9499
381,"REDMI A1+ (Light Green, 32 GB)",6599
382,"REDMI A1+ (Light Blue, 32 GB)",6599
383,"POCO C55 (Power Black, 64 GB)",7749
384,"Infinix SMART 7 (Night Black, 64 GB)",7299
385,"Infinix SMART 7 (Azure Blue, 64 GB)",7299
386,"SAMSUNG Galaxy F13 (Waterfall Blue, 128 GB)",10699
387,"Infinix Smart 7 HD (Green Apple, 64 GB)",6199
388,"Infinix HOT 30i (Mirror Black, 64 GB)",7999
389,"Infinix HOT 30i (Marigold, 128 GB)",8999
390,"Infinix HOT 30i (Diamond White, 64 GB)",7999
391,"Infinix HOT 30i (Glacier Blue, 128 GB)",8999
392,"Infinix HOT 30i (Mirror Black, 128 GB)",8999
393,"Infinix HOT 30i (Glacier Blue, 64 GB)",7999
394,"Infinix HOT 30i (Diamond White, 128 GB)",8999
395,"Infinix SMART 7 (Emerald Green, 64 GB)",7299
396,"Infinix HOT 30i (Marigold, 64 GB)",7999
397,"SAMSUNG Galaxy F04 (Opal Green, 64 GB)",7299
398,"POCO C50 (Royal Blue, 32 GB)",5649
399,"POCO C51 (Royal Blue, 64 GB)",6999
400,"MOTOROLA G32 (Mineral Gray, 128 GB)",11999
401,"POCO C51 (Power Black, 64 GB)",6999
402,"POCO C50 (Country Green, 32 GB)",5649
403,"REDMI 10 (Shadow Black, 64 GB)",9499
404,"POCO C55 (Cool Blue, 64 GB)",7749
405,"REDMI A1+ (Light Blue, 32 GB)",6599
406,"REDMI A1+ (Light Green, 32 GB)",6599
407,"POCO C55 (Power Black, 64 GB)",7749
408,"Infinix SMART 7 (Night Black, 64 GB)",7299
409,"Infinix SMART 7 (Azure Blue, 64 GB)",7299
410,"SAMSUNG Galaxy F13 (Waterfall Blue, 128 GB)",10699
411,"Infinix Smart 7 HD (Green Apple, 64 GB)",6199
412,"Infinix HOT 30i (Mirror Black, 64 GB)",7999
413,"Infinix HOT 30i (Marigold, 128 GB)",8999
414,"Infinix HOT 30i (Diamond White, 64 GB)",7999
415,"Infinix HOT 30i (Glacier Blue, 128 GB)",8999
416,"Infinix HOT 30i (Mirror Black, 128 GB)",8999
417,"Infinix HOT 30i (Glacier Blue, 64 GB)",7999
418,"Infinix HOT 30i (Diamond White, 128 GB)",8999
419,"Infinix SMART 7 (Emerald Green, 64 GB)",7299
420,"Infinix HOT 30i (Marigold, 64 GB)",7999
421,"SAMSUNG Galaxy F04 (Opal Green, 64 GB)",7299
422,"POCO C50 (Royal Blue, 32 GB)",5649
423,"POCO C51 (Royal Blue, 64 GB)",6999
424,"MOTOROLA G32 (Mineral Gray, 128 GB)",11999
425,"POCO C51 (Power Black, 64 GB)",6999
426,"POCO C50 (Country Green, 32 GB)",5649
427,"REDMI 10 (Shadow Black, 64 GB)",9499
428,"POCO C55 (Cool Blue, 64 GB)",7749
429,"REDMI A1+ (Light Blue, 32 GB)",6599
430,"REDMI A1+ (Light Green, 32 GB)",6599
431,"POCO C55 (Power Black, 64 GB)",7749
432,"Infinix SMART 7 (Night Black, 64 GB)",7299
433,"Infinix SMART 7 (Azure Blue, 64 GB)",7299
434,"SAMSUNG Galaxy F13 (Waterfall Blue, 128 GB)",10699
435,"Infinix Smart 7 HD (Green Apple, 64 GB)",6199
436,"Infinix HOT 30i (Mirror Black, 64 GB)",7999
437,"Infinix HOT 30i (Marigold, 128 GB)",8999
438,"Infinix HOT 30i (Diamond White, 64 GB)",7999
439,"Infinix HOT 30i (Glacier Blue, 128 GB)",8999
440,"Infinix HOT 30i (Mirror Black, 128 GB)",8999
441,"Infinix HOT 30i (Glacier Blue, 64 GB)",7999
442,"Infinix HOT 30i (Diamond White, 128 GB)",8999
443,"Infinix SMART 7 (Emerald Green, 64 GB)",7299
444,"Infinix HOT 30i (Marigold, 64 GB)",7999
445,"SAMSUNG Galaxy F04 (Opal Green, 64 GB)",7299
446,"POCO C50 (Royal Blue, 32 GB)",5649
447,"POCO C51 (Royal Blue, 64 GB)",6999
448,"MOTOROLA G32 (Mineral Gray, 128 GB)",11999
449,"POCO C51 (Power Black, 64 GB)",6999
450,"POCO C50 (Country Green, 32 GB)",5649
451,"REDMI 10 (Shadow Black, 64 GB)",9499
452,"POCO C55 (Cool Blue, 64 GB)",7749
453,"REDMI A1+ (Light Blue, 32 GB)",6599
454,"REDMI A1+ (Light Green, 32 GB)",6599
455,"POCO C55 (Power Black, 64 GB)",7749
456,"Infinix SMART 7 (Night Black, 64 GB)",7299
457,"Infinix SMART 7 (Azure Blue, 64 GB)",7299
458,"SAMSUNG Galaxy F13 (Waterfall Blue, 128 GB)",10699
459,"Infinix Smart 7 HD (Green Apple, 64 GB)",6199
460,"Infinix HOT 30i (Glacier Blue, 64 GB)",7999
461,"Infinix HOT 30i (Marigold, 128 GB)",8999
462,"Infinix HOT 30i (Glacier Blue, 128 GB)",8999
463,"Infinix HOT 30i (Mirror Black, 128 GB)",8999
464,"Infinix HOT 30i (Diamond White, 128 GB)",8999
465,"Infinix HOT 30i (Diamond White, 64 GB)",7999
466,"Infinix HOT 30i (Mirror Black, 64 GB)",7999
467,"Infinix SMART 7 (Emerald Green, 64 GB)",7299
468,"Infinix HOT 30i (Marigold, 64 GB)",7999
469,"SAMSUNG Galaxy F04 (Opal Green, 64 GB)",7299
470,"POCO C50 (Royal Blue, 32 GB)",5649
471,"POCO C51 (Royal Blue, 64 GB)",6999
472,"MOTOROLA G32 (Mineral Gray, 128 GB)",11999
473,"POCO C51 (Power Black, 64 GB)",6999
474,"POCO C50 (Country Green, 32 GB)",5649
475,"POCO C55 (Cool Blue, 64 GB)",7749
476,"REDMI 10 (Shadow Black, 64 GB)",9499
477,"REDMI A1+ (Light Blue, 32 GB)",6599
478,"REDMI A1+ (Light Green, 32 GB)",6599
479,"POCO C55 (Power Black, 64 GB)",7749
480,"Infinix SMART 7 (Night Black, 64 GB)",7299
481,"Infinix SMART 7 (Azure Blue, 64 GB)",7299
482,"SAMSUNG Galaxy F13 (Waterfall Blue, 128 GB)",10699
483,"Infinix Smart 7 HD (Green Apple, 64 GB)",6199
484,"Infinix HOT 30i (Glacier Blue, 64 GB)",7999
485,"Infinix HOT 30i (Marigold, 128 GB)",8999
486,"Infinix HOT 30i (Glacier Blue, 128 GB)",8999
487,"Infinix HOT 30i (Mirror Black, 128 GB)",8999
488,"Infinix HOT 30i (Diamond White, 128 GB)",8999
489,"Infinix HOT 30i (Diamond White, 64 GB)",7999
490,"Infinix HOT 30i (Mirror Black, 64 GB)",7999
491,"Infinix SMART 7 (Emerald Green, 64 GB)",7299
492,"Infinix HOT 30i (Marigold, 64 GB)",7999
493,"SAMSUNG Galaxy F04 (Opal Green, 64 GB)",7299
494,"POCO C50 (Royal Blue, 32 GB)",5649
495,"POCO C51 (Royal Blue, 64 GB)",6999
496,"MOTOROLA G32 (Mineral Gray, 128 GB)",11999
497,"POCO C51 (Power Black, 64 GB)",6999
498,"POCO C50 (Country Green, 32 GB)",5649
499,"POCO C55 (Cool Blue, 64 GB)",7749
500,"REDMI 10 (Shadow Black, 64 GB)",9499
501,"REDMI A1+ (Light Blue, 32 GB)",6599
502,"REDMI A1+ (Light Green, 32 GB)",6599
503,"POCO C55 (Power Black, 64 GB)",7749
504,"Infinix SMART 7 (Night Black, 64 GB)",7299
505,"Infinix SMART 7 (Azure Blue, 64 GB)",7299
506,"SAMSUNG Galaxy F13 (Waterfall Blue, 128 GB)",10699
507,"Infinix Smart 7 HD (Green Apple, 64 GB)",6199
508,"Infinix HOT 30i (Mirror Black, 64 GB)",7999
509,"Infinix HOT 30i (Marigold, 128 GB)",8999
510,"Infinix HOT 30i (Diamond White, 64 GB)",7999
511,"Infinix HOT 30i (Glacier Blue, 128 GB)",8999
512,"Infinix HOT 30i (Mirror Black, 128 GB)",8999
513,"Infinix HOT 30i (Glacier Blue, 64 GB)",7999
514,"Infinix HOT 30i (Diamond White, 128 GB)",8999
515,"Infinix SMART 7 (Emerald Green, 64 GB)",7299
516,"Infinix HOT 30i (Marigold, 64 GB)",7999
517,"SAMSUNG Galaxy F04 (Opal Green, 64 GB)",7299
518,"POCO C50 (Royal Blue, 32 GB)",5649
519,"POCO C51 (Royal Blue, 64 GB)",6999
520,"MOTOROLA G32 (Mineral Gray, 128 GB)",11999
521,"POCO C51 (Power Black, 64 GB)",6999
522,"POCO C50 (Country Green, 32 GB)",5649
523,"REDMI 10 (Shadow Black, 64 GB)",9499
524,"POCO C55 (Cool Blue, 64 GB)",7749
525,"REDMI A1+ (Light Blue, 32 GB)",6599
526,"REDMI A1+ (Light Green, 32 GB)",6599
527,"POCO C55 (Power Black, 64 GB)",7749
528,"Infinix SMART 7 (Night Black, 64 GB)",7299
529,"Infinix SMART 7 (Azure Blue, 64 GB)",7299
530,"SAMSUNG Galaxy F13 (Waterfall Blue, 128 GB)",10699
531,"Infinix Smart 7 HD (Green Apple, 64 GB)",6199
532,"Infinix HOT 30i (Glacier Blue, 64 GB)",7999
533,"Infinix HOT 30i (Marigold, 128 GB)",8999
534,"Infinix HOT 30i (Glacier Blue, 128 GB)",8999
535,"Infinix HOT 30i (Mirror Black, 128 GB)",8999
536,"Infinix HOT 30i (Diamond White, 128 GB)",8999
537,"Infinix HOT 30i (Diamond White, 64 GB)",7999
538,"Infinix HOT 30i (Mirror Black, 64 GB)",7999
539,"Infinix SMART 7 (Emerald Green, 64 GB)",7299
540,"Infinix HOT 30i (Marigold, 64 GB)",7999
541,"SAMSUNG Galaxy F04 (Opal Green, 64 GB)",7299
542,"POCO C50 (Royal Blue, 32 GB)",5649
543,"POCO C51 (Royal Blue, 64 GB)",6999
544,"MOTOROLA G32 (Mineral Gray, 128 GB)",11999
545,"POCO C51 (Power Black, 64 GB)",6999
546,"POCO C50 (Country Green, 32 GB)",5649
547,"POCO C55 (Cool Blue, 64 GB)",7749
548,"REDMI 10 (Shadow Black, 64 GB)",9499
549,"REDMI A1+ (Light Blue, 32 GB)",6599
550,"REDMI A1+ (Light Green, 32 GB)",6599
551,"POCO C55 (Power Black, 64 GB)",7749
552,"Infinix SMART 7 (Azure Blue, 64 GB)",7299
553,"Infinix SMART 7 (Night Black, 64 GB)",7299
554,"SAMSUNG Galaxy F13 (Waterfall Blue, 128 GB)",10699
555,"Infinix Smart 7 HD (Green Apple, 64 GB)",6199
556,"Infinix HOT 30i (Glacier Blue, 128 GB)",8999
557,"Infinix HOT 30i (Diamond White, 128 GB)",8999
558,"Infinix HOT 30i (Mirror Black, 128 GB)",8999
559,"Infinix HOT 30i (Marigold, 128 GB)",8999
560,"Infinix HOT 30i (Glacier Blue, 64 GB)",7999
561,"Infinix HOT 30i (Diamond White, 64 GB)",7999
562,"Infinix HOT 30i (Mirror Black, 64 GB)",7999
563,"Infinix SMART 7 (Emerald Green, 64 GB)",7299
564,"Infinix HOT 30i (Marigold, 64 GB)",7999
565,"SAMSUNG Galaxy F04 (Opal Green, 64 GB)",7299
566,"POCO C50 (Royal Blue, 32 GB)",5649
567,"MOTOROLA G32 (Mineral Gray, 128 GB)",11999
568,"POCO C51 (Royal Blue, 64 GB)",6999
569,"POCO C51 (Power Black, 64 GB)",6999
570,"POCO C50 (Country Green, 32 GB)",5649
571,"POCO C55 (Cool Blue, 64 GB)",7749
572,"REDMI 10 (Shadow Black, 64 GB)",9499
573,"REDMI A1+ (Light Green, 32 GB)",6599
574,"REDMI A1+ (Light Blue, 32 GB)",6599
575,"POCO C55 (Power Black, 64 GB)",7749
576,"Infinix SMART 7 (Night Black, 64 GB)",7299
577,"Infinix SMART 7 (Azure Blue, 64 GB)",7299
578,"SAMSUNG Galaxy F13 (Waterfall Blue, 128 GB)",10699
579,"Infinix Smart 7 HD (Green Apple, 64 GB)",6199
580,"Infinix HOT 30i (Mirror Black, 64 GB)",7999
581,"Infinix HOT 30i (Marigold, 128 GB)",8999
582,"Infinix HOT 30i (Diamond White, 64 GB)",7999
583,"Infinix HOT 30i (Glacier Blue, 128 GB)",8999
584,"Infinix HOT 30i (Mirror Black, 128 GB)",8999
585,"Infinix HOT 30i (Glacier Blue, 64 GB)",7999
586,"Infinix HOT 30i (Diamond White, 128 GB)",8999
587,"Infinix SMART 7 (Emerald Green, 64 GB)",7299
588,"Infinix HOT 30i (Marigold, 64 GB)",7999
589,"SAMSUNG Galaxy F04 (Opal Green, 64 GB)",7299
590,"POCO C50 (Royal Blue, 32 GB)",5649
591,"POCO C51 (Royal Blue, 64 GB)",6999
592,"MOTOROLA G32 (Mineral Gray, 128 GB)",11999
593,"POCO C51 (Power Black, 64 GB)",6999
594,"POCO C50 (Country Green, 32 GB)",5649
595,"REDMI 10 (Shadow Black, 64 GB)",9499
596,"POCO C55 (Cool Blue, 64 GB)",7749
597,"REDMI A1+ (Light Blue, 32 GB)",6599
598,"REDMI A1+ (Light Green, 32 GB)",6599
599,"POCO C55 (Power Black, 64 GB)",7749
600,"Infinix SMART 7 (Azure Blue, 64 GB)",7299
601,"Infinix SMART 7 (Night Black, 64 GB)",7299
602,"SAMSUNG Galaxy F13 (Waterfall Blue, 128 GB)",10699
603,"Infinix Smart 7 HD (Green Apple, 64 GB)",6199
604,"Infinix HOT 30i (Glacier Blue, 128 GB)",8999
605,"Infinix HOT 30i (Diamond White, 128 GB)",8999
606,"Infinix HOT 30i (Mirror Black, 128 GB)",8999
607,"Infinix HOT 30i (Marigold, 128 GB)",8999
608,"Infinix HOT 30i (Glacier Blue, 64 GB)",7999
609,"Infinix HOT 30i (Diamond White, 64 GB)",7999
610,"Infinix HOT 30i (Mirror Black, 64 GB)",7999
611,"Infinix SMART 7 (Emerald Green, 64 GB)",7299
612,"Infinix HOT 30i (Marigold, 64 GB)",7999
613,"SAMSUNG Galaxy F04 (Opal Green, 64 GB)",7299
614,"POCO C50 (Royal Blue, 32 GB)",5649
615,"MOTOROLA G32 (Mineral Gray, 128 GB)",11999
616,"POCO C51 (Royal Blue, 64 GB)",6999
617,"POCO C51 (Power Black, 64 GB)",6999
618,"POCO C50 (Country Green, 32 GB)",5649
619,"POCO C55 (Cool Blue, 64 GB)",7749
620,"REDMI 10 (Shadow Black, 64 GB)",9499
621,"REDMI A1+ (Light Green, 32 GB)",6599
622,"REDMI A1+ (Light Blue, 32 GB)",6599
623,"POCO C55 (Power Black, 64 GB)",7749
624,"Infinix SMART 7 (Night Black, 64 GB)",7299
625,"Infinix SMART 7 (Azure Blue, 64 GB)",7299
626,"SAMSUNG Galaxy F13 (Waterfall Blue, 128 GB)",10699
627,"Infinix Smart 7 HD (Green Apple, 64 GB)",6199
628,"Infinix HOT 30i (Mirror Black, 64 GB)",7999
629,"Infinix HOT 30i (Marigold, 128 GB)",8999
630,"Infinix HOT 30i (Diamond White, 64 GB)",7999
631,"Infinix HOT 30i (Glacier Blue, 128 GB)",8999
632,"Infinix HOT 30i (Mirror Black, 128 GB)",8999
633,"Infinix HOT 30i (Glacier Blue, 64 GB)",7999
634,"Infinix HOT 30i (Diamond White, 128 GB)",8999
635,"Infinix SMART 7 (Emerald Green, 64 GB)",7299
636,"Infinix HOT 30i (Marigold, 64 GB)",7999
637,"SAMSUNG Galaxy F04 (Opal Green, 64 GB)",7299
638,"POCO C50 (Royal Blue, 32 GB)",5649
639,"POCO C51 (Royal Blue, 64 GB)",6999
640,"MOTOROLA G32 (Mineral Gray, 128 GB)",11999
641,"POCO C51 (Power Black, 64 GB)",6999
642,"POCO C50 (Country Green, 32 GB)",5649
643,"REDMI 10 (Shadow Black, 64 GB)",9499
644,"POCO C55 (Cool Blue, 64 GB)",7749
645,"REDMI A1+ (Light Blue, 32 GB)",6599
646,"REDMI A1+ (Light Green, 32 GB)",6599
